Twiitti_final,true_label,GPT4o-mini-prompt-engineered,DeepSeek distilled-qwen-32B-prompt-engineered,classification,GPT4o-mini-word_or_words_contributing_the_most (prompt-engineered with comments),DeepSeek-MetaCommentsAboutReasoning,Logical_Validity_ChatGPT_R1,Faithfulness_ChatGPT_R1,Factual_Accuracy_ChatGPT_R1,Logical_Validity_DeepSeek_R1,Faithfulness_DeepSeek_R1,Factual_Accuracy_DeepSeek_R1,Logical_Validity_ChatGPT_R2,Faithfulness_ChatGPT_R2,Factual_Accuracy_ChatGPT_R2,Logical_Validity_DeepSeek_R2,Faithfulness_DeepSeek_R2,Factual_Accuracy_DeepSeek_R2
@Current It‚Äôs just like this. You can conveniently put a note on your forehead.,1,0,0,FN,"It‚Äôs just like this, note, forehead. The tweet does not contain any political context or references to corporate political activity, social responsibility, or activism. It appears to be a casual statement without any implications related to government policies or societal issues.","This is a casual comment about putting a note on the forehead. It doesn't relate to any political activity or corporate social responsibility. Classification: 0. Words: ""@Current"", ""conveniently"".",2,2,2,2,2,2,2,2,2,2,2,2
"We want to thank you for this year and wish all of you a prosperous, sustainable 2022! #NewYear2022 #BuildingPerformance <URL>",1,0,0,FN,"prosperous, sustainable, #BuildingPerformance. The tweet expresses well-wishes for the new year and mentions sustainability, but it does not engage in corporate political activity, political corporate social responsibility, or corporate social activism. It lacks a direct connection to influencing government policies or addressing societal issues in a political context.","""RT XXXXX: Unpublished research by the European Central Bank's staff committee, seen by POLITICO, found that many of the instituti… [truncated]"" This mentions research by the ECB, which is a government institution. It's about economic policies, which could be corporate political activity if it's influencing policies. However, the tweet is about research findings, not corporate action. So, it's 0.",2,2,1,2,2,2,2,2,1,2,2,1
How can IT management improve the company's energy efficiency and responsibility? Read the answers in the blog ¬ª,1,0,0,FN,"energy efficiency, responsibility. The tweet discusses IT management's role in improving energy efficiency and responsibility, which relates to corporate practices but does not directly engage with political activity, corporate social responsibility, or activism as defined in the prompt.","""Meteorologist with a mission. I appreciate it. <URL>"" This is a comment on a meteorologist's work. Not political, so 0.",2,2,1,2,2,1,2,2,2,2,2,1
Meteorologist with a mission. I appreciate it. <URL>,1,0,0,FN,"Meteorologist, mission. The tweet does not reference any corporate political activity, social responsibility, or activism. It simply expresses appreciation for a meteorologist, which is non-political in nature.","**Analysis:** This discusses business operations in Russia and Belarus. While it's about corporate decisions, it doesn't involve influencing government policies or addressing societal issues. It's more about business strategy. Non-political.",2,2,1,2,2,1,2,2,1,2,2,1
RT @XXXXX: Selling old foods helps to minimize #waste. #XXXXX sells such food...,1,0,0,FN,"#waste. The tweet discusses selling old foods to minimize waste, which is more focused on a business practice and environmental concern rather than a direct political activity or corporate social responsibility initiative.","A thank you tweet without any specific content about policies, societal issues, or stances. Non-political (0). The key words are ""XXXXX"", ""XXXXX"".",2,2,1,2,2,1,2,2,1,2,2,1
RT @XXXXX: Another step forward to restore the natural loop of the lake trout on the Hyrynsalmi route. Leppikoski's #fish heart is that...,1,0,0,FN,"natural loop, lake trout, fish heart. The tweet discusses ecological restoration efforts related to fish populations, which does not align with corporate political activity, political corporate social responsibility, or corporate social activism as defined. It focuses on environmental issues rather than corporate influence or societal issues in a political context.","Discusses industry challenges and company resilience. It's about business operations without clear political elements. Non-political (0). Key words: ""construction industry"", ""balance sheet"".",2,2,1,2,2,2,2,2,1,2,2,2
What is #mobile testing? It's that #korona'tests are taken to the testing site. And this is how it works in practice outside of @XXXXX's construction site. Fast and preventative. #koronafi <URL>using @YouTube,1,0,0,FN,"testing, Fast, preventative. The tweet primarily discusses mobile testing and its practical implementation, which does not align with corporate political activity, political corporate social responsibility, or corporate social activism. It focuses on a specific operational aspect rather than any political or corporate influence on societal issues.","Focuses on care services and roles. It's about service provision, not political activities. Non-political (0). Key words: ""nursing home"", ""care services"".",2,2,2,2,2,1,2,2,2,1,2,1
XXXXX XXXXX XXXXX Thanks XXXXX and everyone at XXXXX !,1,0,0,FN,"Thanks, everyone, XXXXX_ - The tweet expresses gratitude and acknowledges individuals and organizations without addressing any political or corporate issues, thus it does not align with the definition of a political tweet.","Talks about climate change impacts on investments. It's about financial advice, not directly political. Non-political (0). Key words: ""investment portfolio"", ""webinar"".",2,2,1,2,2,1,2,2,2,2,2,1
"Hej, Vienna! We're opening our new showcase sustainable store at Westbahnhof today. Walk, bike, or take the bus to seven floors filled with home inspiration and sustainability initiatives. Oh, and the top two floors host a hotel and a public rooftop. <URL>",1,0,0,FN,"sustainable, home inspiration, initiatives. The tweet focuses on the opening of a store and promoting sustainability initiatives, but it does not engage in corporate political activity, political corporate social responsibility, or corporate social activism as defined. It is more about business operations and consumer engagement rather than influencing government policies or addressing societal issues in a political context.","Discusses care services and staffing. It's about service quality, not political activities. Non-political (0). Key words: ""care services"", ""professionals"".",2,2,1,2,2,0,2,2,2,2,2,0
"According to a survey by Elon XXXXX, a third of entrepreneurs are at a worrying level and the majority of entrepreneurs are very stressed. #entrepreneurship #work-related Tips to improve their working lives? <URL>",1,0,0,FN,"#entrepreneurship,","The eleventh tweet mentions a survey about entrepreneurs' stress levels. It's about work-related stress, not directly related to corporate political activity. 0.",0,0,0,2,2,1,0,1,0,2,2,1
"What an exciting week at #CTBUH2021 A big thank you to XXXXX, our amazing #KONE team, and everyone who joined us at the events in Chicago, London, and Shenzhen. So many (face-to-face!) encounters and discussions on #TheFutureCity. Hope to see you again next year! <URL>",1,0,0,FN,"The words 'exciting', 'thank you', 'amazing', and 'encounters' contribute to this classification decision the most. The tweet focuses on expressing gratitude and excitement about events and discussions, which are not aligned with corporate political activity, political corporate social responsibility, or corporate social activism. It lacks any reference to influencing government policies, addressing societal issues, or taking stances on controversial issues.","The twenty-eighth tweet praises journalism in a crisis, not political. 0.",2,2,2,1,2,1,1,2,2,1,2,1
‚ÄúI go all your boys‚Äù The most touching reading of the weekend. Human and unfavorable story in the midst of apocalyptic chaos and need. Wonderful journalism. XXXXX,1,0,0,FN,"The words 'human', 'unfavorable', and 'journalism' contribute to this classification decision the most. The tweet discusses a reading that is described as touching and human, focusing on storytelling rather than corporate political activity, social responsibility, or activism. It does not engage with any political themes or corporate actions that align with the definitions provided.",**Analysis**: Discusses product demand and popularity. No political angle. **Classification**: 0 **Explanation**: Focuses on product features and market demand.,2,2,1,2,2,2,2,2,1,2,2,2
"Wood grows its popularity in yard and terrace construction. XXXXX industrial saturator customers are therefore in demand for a strong, dense and durable #Sleeping wood: <URL>",1,0,0,FN,"customers, wood, demand. The tweet focuses on the popularity and demand for wood in construction, which is a commercial topic rather than a political one. It does not address any corporate political activity, social responsibility, or activism.","**Analysis**: Personal story without political elements. **Classification**: 0 **Explanation**: Focuses on a personal meeting, not political.",2,2,2,2,2,2,2,2,1,2,2,2
RT XXXXX: Repost from XXXXX: Warming news! A young Gubbe heart friend made possible by Veritas has met a 90-year-old godfather...,1,0,0,FN,"Warming news, heart friend, godfather. The tweet focuses on a personal story and does not address any corporate political activity, social responsibility, or activism. It lacks elements related to influencing government policies or addressing societal issues in a corporate context.",**Analysis**: Weather-related tweet. Not political. **Explanation**: Weather update without political context.,2,2,1,2,2,1,2,2,1,2,2,1
RT XXXXX: All-time heat records getting smashed before noon. Hotter tomorrow. Hotter the day after... I can't believe what I am s‚Ä¶,1,0,0,FN,"heat records, hotter, climate change. The tweet discusses weather conditions and heat records but does not engage with corporate political activity, corporate social responsibility, or corporate social activism. It focuses on immediate environmental observations rather than political or corporate actions.",**Analysis**: Talks about market growth for bio-based products. Not directly political. **Classification**: 0,2,2,1,1,2,2,2,2,2,2,2,2
"Bodex is a Polish manufacturer of #trailers and tippers with a new semi-trailer made from Hardox¬Æ 500 Tuf #steel. Wear-resistant XXXXXsteel makes the new trailer stronger, more durable, and more sustainable ‚Äì ideal for tough conditions.",1,0,0,FN,"Bodex, manufacturer, trailers, tippers, Hardox, steel, sustainable. The tweet primarily discusses the features and benefits of a specific product (a semi-trailer) and does not engage with any political concepts such as corporate political activity, political corporate social responsibility, or corporate social activism. It focuses on product durability and sustainability in a commercial context rather than addressing societal issues or influencing government policies.","This tweet is about a company manufacturing trailers and tippers. It mentions the use of a specific type of steel and the benefits of the product. It doesn't seem to involve any corporate political activity, social responsibility, or activism. So, I'll classify this as 0.",2,2,2,2,1,2,2,2,2,2,1,2
"Are you getting electronic invoices from Finnvera? Immediate benefits: saving time = cost saving, in addition, e-invoice is a more environmentally friendly choice. Read more and see the instructions in our news. #evuse #egg #egging #digitalisation <URL>",1,0,0,FN,"e-invoice, cost saving, environmentally friendly. The tweet focuses on the benefits of electronic invoicing, emphasizing time and cost savings as well as environmental friendliness. It does not engage with corporate political activity, political corporate social responsibility, or corporate social activism, which are the key elements of a political tweet as defined.","A retweet about the company's future vision and strategy. It's about business direction, not political activity. Classification: 0.",2,2,2,2,2,1,2,2,2,2,2,1
RT XXXXX: Our vision for the future is clear. And we have the right strategy in place to take us there. Read more: <URL>,1,0,0,FN,"vision, strategy. The tweet discusses a company's vision and strategy without addressing any political activity, societal issues, or corporate activism. It focuses on internal corporate goals rather than external political engagement.","Discussing a company's initiative to emphasize homeness. It's about internal policies, not political. Classification: 0.",2,2,1,2,2,1,2,2,2,2,2,1
"XXXXX has granted HalpaHall the key ticket access. ""We wanted to further emphasize homeness at company level by applying for our own Key ticket access"", says XXXXX XXXXX, Managing Director of XXXXX. Read more: <URL>#Key ticket <URL>",1,0,0,FN,"Key ticket, homeness. The tweet focuses on a company's internal initiative regarding access and emphasizes 'homeness' at the company level, which does not align with corporate political activity, political corporate social responsibility, or corporate social activism.",Retweet about a construction project. Not political. Classification: 0.,1,0,1,1,2,1,2,2,1,1,1,1
RT XXXXX: XXXXX XXXXX from XXXXX has been part of the alliance to build Tampere Ratikka. Join XXXXX to celebrate Ratikka-...,1,0,0,FN,"Ratikka, alliance, celebrate. The tweet discusses a construction project and a celebration event, which does not align with corporate political activity, political corporate social responsibility, or corporate social activism. It focuses on a specific project rather than influencing government policies or addressing societal issues.","Talks about uncertainty regarding the virus and choices that might be misassessed later. It doesn\'t mention any corporate actions or policies. Seems more like a personal opinion, so 0.",2,2,2,2,1,1,2,2,1,2,2,2
"Our new eco-friendly hybrid ro-ro vessel, XXXXX I, has now been delivered to Finnlines. According to the current plans Finneco I will enter Finnlines‚Äô Baltic Sea, North Sea and Biscay traffic in June 2022. Read more: <URL> #sustainable #newbuilding <URL>",1,0,0,FN,"eco-friendly, hybrid, vessel, traffic. The tweet primarily discusses the delivery of a new vessel and its operational plans, focusing on sustainability in a business context rather than engaging in political activity or corporate social responsibility efforts. The terms 'eco-friendly' and 'sustainable' relate to environmental considerations but do not indicate a direct political stance or action.",Discussing industry challenges. Not directly about influencing policy or societal issues. 0.,2,1,1,1,2,1,2,2,2,1,1,1
Renewal of refrigeration systems is one of the most important investments Eepee makes in terms of energy efficiency and environmental performance. New cooling systems reduce energy consumption by nearly half. Read more <URL><URL>,1,0,0,FN,"energy efficiency, environmental performance, reduce energy consumption. The tweet focuses on the technical aspects of refrigeration systems and their benefits in terms of energy efficiency and environmental performance, which does not align with the concepts of corporate political activity, political corporate social responsibility, or corporate social activism.",Discussing energy production statistics. Not about policy influence or societal issues. 0.,2,2,1,1,2,1,2,2,1,2,2,1
XXXXX XXXXXJust is the question that we do not know about the virus. The choices that seemed justified will later prove to be misassessments. I don‚Äôt know.,1,0,0,FN,"virus, choices, misassessments. The tweet discusses uncertainty regarding the virus and choices made, but it does not engage with corporate political activity, corporate social responsibility, or corporate social activism. It reflects personal opinion rather than a corporate stance or action.","Talks about investments and sustainability. While sustainability can be political, this seems more about the company's operations and not directly related to CPA, PCSR, or CSA. So, 0.",2,1,1,1,1,1,2,2,1,2,1,1
#MTV3 visited our construction site in Vantaa as an example of a well-managed #sorting and recycling of building waste! #VAV <URL>,1,0,0,FN,"#sorting, recycling, building waste","Promotes cycling, which is about health and environment. It's a positive message but not directly political. 0.",0,0,0,0,1,1,0,0,0,2,2,1
"Cycling is a convenient and healthy way to move in winter as well. A few basic things, when you notice and experience grow, most of Finland‚Äôs winter is quite pleasant cycling weather. Happy XXXXX #biking winter week! Further information: <URL><URL>",1,0,0,FN,"Cycling, convenient, healthy, winter, pleasant. The tweet focuses on the benefits of cycling during winter and promotes a healthy lifestyle, without any reference to corporate political activity, corporate social responsibility, or activism. It does not engage with government policies or societal issues in a corporate context.","Company benefits, not political. 0.",2,2,0,0,2,1,2,2,0,1,2,2
What makes ISS a good company? We offer our staff a stable and safe job that enables continuous learning and development. Read Kelly Pius' career path #isssuomi #Good enterprise <URL><URL>,1,0,0,FN,"stable, safe, continuous learning, development. The tweet focuses on employee welfare and job stability, which are not aligned with corporate political activity, political corporate social responsibility, or corporate social activism. It emphasizes internal company values rather than external political engagement or societal issues.","Discussing implications for diplomacy, which could be part of CPA if it's about influencing policies or international relations through corporate actions. However, it's more about a discussion on a podcast, not direct corporate activity.",2,2,1,1,1,1,2,2,1,2,1,1
"Normet Team's first day at the Underground Operators Conference 2021 in Perth, Australia! Be sure to come by to booth 45 to talk to our team about the way forward to operate in a safer and more sustainable way. #normet #ugops2021 #mining #perth #australia <URL>",1,0,0,FN,"The words 'safer' and 'sustainable' suggest a focus on operational improvements rather than political engagement. The tweet primarily promotes a conference and does not indicate any corporate political activity, social responsibility, or activism.",It's a complaint about parking fees and public transport options. Not related to corporate political activity.,2,2,2,2,2,1,2,2,2,1,2,1
"XXXXX The problem is that if you come downtown by car and park in the hall, a few hours walk costs 30+ euros. Of course, the option to come in public, but it doesn‚Äôt always work if you want to take care of other things on your way.",1,0,0,FN,"The tweet discusses parking costs and public transport options, which are not directly related to corporate political activity, political corporate social responsibility, or corporate social activism. The focus is on personal experiences and logistical challenges rather than corporate influence or societal issues.","It's about salary discussions, which could be part of CSA if it's about workers' rights, but in this context, it's more about internal company matters.",2,1,1,2,2,1,2,2,1,2,2,1
"XXXXX's 50 square meters apartment is quite a reasonable size for one person, but there's no room for more now, is there?",1,0,0,FN,"reasonable size, no room for more, apartment. The tweet discusses the size of an apartment and implies a personal living situation, which does not align with corporate political activity, political corporate social responsibility, or corporate social activism.","This is a personal opinion, not corporate",2,1,0,0,1,1,2,2,2,1,1,2
"We already have more than one dairy car running on the gas, the first even on the biogas from cow manure. And more will come. <URL>",1,0,0,FN,"dairy, gas, biogas, cow manure. The tweet discusses the operation of dairy cars running on gas and biogas, which relates to environmental practices but does not engage with corporate political activity, corporate social responsibility, or corporate social activism as defined. It focuses on a specific technology rather than broader societal or political issues.","This is about internal communication strategies, not political.",2,1,1,1,1,1,2,2,1,1,2,1
Nordkalk‚Äôs giant store does not threaten Finland‚Äôs operations ‚Äì Rettig Group receives a large share stake and organises its financing <URL>,0,1,0,FP,"operations, financing, stake. The mention of 'operations' and 'financing' suggests a discussion about corporate activities that may influence or be influenced by government policies, aligning with corporate political activity (CPA). Additionally, the reference to a 'large share stake' indicates a significant corporate maneuver that could have political implications, further supporting the classification as a political tweet.",Promoting cars made in Finland for employment. It's about business and employment but not directly political. Non-political (0).,2,2,1,2,2,1,2,2,1,2,2,2
"You like Finnish bread. As a customer, you are offering a job for 40,000 S-group professionals. There are more than 1800 of us in Central Finland and we are the largest private employer in Central Finland! Read more: <URL> #Soletsina #Participation storeCentral Finland <URL>",0,1,0,FP,"largest private employer', 'job', 'professionals', 'Participation' - This tweet highlights the role of a corporation as a significant employer in the region, which aligns with corporate political activity (CPA) by emphasizing the company's impact on the local economy and workforce. The mention of 'Participation' suggests an engagement with societal issues, further supporting its classification as political.","This talks about the energy crisis and its impact. Energy is a societal issue, but the tweet is about it being a topic, not the company addressing it or influencing policy. So, it's non-political. Classification: 0. Words: ""crisis"", ""topic"".",2,2,2,2,2,1,2,2,2,2,2,1
There‚Äôs nothing like a cold glass of water on a hot summer day. Learn how our coagulants help the Ukrainian city of Vinnitsa so that residents can enjoy high-quality water year-round. <URL>,0,1,1,FP,"Ukrainian city of Vinnitsa, high-quality water, coagulants. This tweet discusses efforts to provide high-quality water to residents in Vinnitsa, Ukraine, which aligns with the concept of Political Corporate Social Responsibility (PCSR) as it addresses a societal issue (access to clean water) and indicates a corporate effort to contribute positively to the community.","Construction sector retraining. This is about workforce development, which can be PCSR. So, 1. Keywords ""retrain,"" ""construction.""",2,2,1,2,1,1,2,2,1,2,1,2
"The media and social media have highlighted the articles of Magnetimedia and combined them as a K√§rkk√§inen company. As a leading company, its owner has no connection with Magnetimedia or its opinions. XXXXX XXXXX memoranda",0,1,1,FP,"K√§rkk√§inen', 'owner', 'opinions'. The mention of 'K√§rkk√§inen' as a leading company and the reference to the owner's connection (or lack thereof) to opinions suggests a discussion about corporate identity and influence, which aligns with corporate political activity (CPA) and corporate social activism (CSA). The tweet implies a defense of the company's reputation in the context of public perception, indicating a political dimension.","Personnel skills development. Workforce training, which is PCSR. So, 1. Keywords ""skills,"" ""development.""",2,2,1,2,2,1,1,1,1,2,1,1
"XXXXX We restrict the visibility of Veikkaus advertisements in our offices at our entrances, cash registers and info points. 2/2",0,1,1,FP,"restrict, visibility, advertisements, offices, entrances, cash registers, info points. This tweet discusses the restriction of advertisements, which implies a corporate stance on advertising practices that may influence public perception and policy regarding gambling or advertising ethics. The mention of specific locations within the company where these restrictions apply indicates a deliberate corporate decision that aligns with corporate social responsibility and potentially political corporate social responsibility.","**Analysis:** This is about providing clean water, which is a basic need and societal issue. Addressing water quality is part of corporate social responsibility, so this is political.",2,2,2,2,2,1,2,1,2,2,2,1
"XXXXX 2/2 Investment venues must check identity cards from all players under 30 years of age. In this case, too, if age controls are not carried out, this may lead to the end of cooperation with the place in question. Rauli, Veikkaus",0,1,1,FP,"cooperation, identity cards, age controls. This tweet discusses regulations regarding identity checks and the potential consequences for cooperation, which aligns with corporate political activity and the influence of policies on business operations.","**Analysis:** Discusses building a heat storage facility, which relates to energy and sustainability. This could be part of PCSR as it addresses environmental issues. **Classification:** 1",2,2,2,2,1,1,1,2,2,2,1,2
We are looking for people who are interested in their own region. Come and develop the Middleland as a better everyday delight. Please register as a candidate by 31 August at the latest. <URL> #Central Country #Participation Elections #AcesTypes <URL>,0,1,1,FP,"#Participation Elections, develop the Middleland, register as a candidate","**Analysis:** Talks about extending a waste power plant, which relates to environmental sustainability. This could be PCSR. **Classification:** 1",0,0,1,2,1,1,0,1,2,2,1,2
The students restored Eric O W XXXXX's unique glass paintings Great collaboration #Metropolia and #XXXXX #Cultural Foundation! #Foundation Act <URL>,0,1,1,FP,"#Cultural Foundation, #Foundation Act. These terms indicate a focus on cultural initiatives and organizational efforts that align with corporate social responsibility and community engagement, which are aspects of political corporate social responsibility (PCSR).","Talks about air quality studies conducted by several institutions. It\'s about environmental issues, which could relate to PCSR. So, 1.",2,2,1,2,1,1,2,2,1,1,1,1
"RT XXXXX: Together with XXXXX, we are building the #alignment model for the world's largest seasonal heat storage facility XXXXX. Its...",0,1,1,FP,"#alignment, 'building the world's largest seasonal heat storage facility' indicates a significant corporate initiative that aligns with societal and environmental goals, which can be seen as a form of corporate social responsibility and political corporate activity.","Launches a digital tool for metal recycling. This could be part of CSR. So, 1",2,2,1,1,1,0,2,1,2,1,1,1
RT XXXXX: Now it's published: Take care of a song for young people's mental health. This hurts! ‚ÄùFor everyone who...,0,1,1,FP,"mental health', 'young people', 'take care of' - The tweet discusses a song aimed at promoting mental health for young people, which aligns with the concept of Political Corporate Social Responsibility (PCSR). It indicates a corporate effort to address societal issues, specifically mental health, which is a significant societal concern. This aligns with the definition of political tweets as it reflects an initiative that goes beyond core business operations to address a pressing social issue.",Promoting products related to renewable energy. This could be seen as PCSR. 1.,2,2,2,1,1,1,2,2,1,1,1,1
"RT XXXXX: Great project and the Count's time. With the increase in knowledge, actions and funding are also targeted at repairs. #private roads...",0,1,1,FP,"#private roads, funding, actions","This is about education and workforce development, which could be part of PCSR.",0,0,1,1,1,1,0,1,1,1,1,1
"Our TXpert‚Ñ¢ Enabled power transformers are some of the most reliable in the industry, essential for Fortum who operate #Sweden‚Äôs tallest #hydropower dam. Read more here <URL> #TowardsCarbonNeutral #Transformers #Digitalization #Renewables <URL>",0,1,1,FP,"#TowardsCarbonNeutral, #Renewables. These terms indicate a focus on sustainability and environmental responsibility, which align with corporate social responsibility efforts and the broader political discourse surrounding climate change and renewable energy initiatives.","This is about environmental initiatives, part of PCSR",2,2,1,1,2,0,2,2,1,1,2,0
RT XXXXX: Employers' primary wish is to get their employees back to work. <URL>,0,1,1,FP,"employees', 'back to work'. This tweet reflects a concern about employment and the desire for employees to return to work, which aligns with corporate political activity as it touches on labor policies and the relationship between employers and government regulations regarding workforce management.","Discussing business transition into electromobility. This relates to sustainability, which is part of PCSR. Political (1).",2,2,1,1,2,1,2,2,2,1,2,1
"Working with a major #healthcare provider during a global pandemic requires immediate, efficient and effective action. Learn more about how Wayne Fang and his team helped one of Singapore's largest hospitals handle the challenges of Covid-19: <URL><URL>",0,1,1,FP,"#healthcare, global pandemic, efficient and effective action. The mention of working with a major healthcare provider during a global pandemic indicates a corporate effort to address a significant societal issue, which aligns with the concept of Political Corporate Social Responsibility (PCSR). The focus on immediate and effective action further emphasizes the corporate responsibility aspect in responding to a public health crisis.","Discussing rural areas' future. It's about societal issues, possibly related to PCSR. Political (1).",2,2,1,1,2,1,2,2,2,1,1,1
What's the best formula to ensure IT systems in #healthcare become interoperable? Stuart Parsons explores moving towards an openSERVICE approach in this new blog: <URL>#healthIT #ehealth <URL>,0,1,1,FP,"#healthcare, interoperable, openSERVICE, ehealth. These terms indicate a focus on improving healthcare systems, which aligns with corporate political activity and political corporate social responsibility as they suggest efforts to influence or improve societal issues related to healthcare.","Discussing reopening and cleanliness, possibly related to pandemic response. This could be seen as societal responsibility. Political (1).",2,2,1,2,1,1,1,2,1,2,2,1
#5 A strong look forward - Discussion on the future of rural areas XXXXX<URL>via @YouTube,0,1,,FP,"future of rural areas', 'Discussion', 'XXXXX' - The phrase 'future of rural areas' suggests a focus on societal issues related to rural development, which aligns with corporate political activity and corporate social responsibility. The mention of a discussion indicates engagement with stakeholders, which is a key aspect of political discourse.",,2,2,1,,,,1,2,1,,,
"I am looking for a diamond customer marketing expert on my team. If you want to influence the financial well-being of customers by doing your own thing, please join us! #save Bank #destiny Bank more <URL># from @",0,1,,FP,"#save Bank, #destiny Bank, influence, financial well-being",,0,0,1,,,,0,1,1,,,
"#Safety can go even further than zero road casualties. On top of equipping #Toyota cars with safety features &amp; developing AD&amp;AI, we offer for free our virtual crash test model #THUMS to help design better #ergonomics in both auto &amp; non-auto areas <URL><URL>",0,1,,FP,"#Safety, #ergonomics, 'design better'",,0,0,1,,,,0,1,1,,,
"This would be a great opportunity for you, who is excited about the trends in food and tourism and the ongoing energy transition. Get us the director of the tourism and catering trade and the retail trade and the liquid fuel trade! #rekry. <URL><URL>",0,1,,FP,"trends, tourism, energy transition, director, trade. The tweet discusses trends in food and tourism, as well as the ongoing energy transition, which are relevant to corporate political activity and corporate social responsibility. The mention of getting directors from various trades indicates an interest in influencing or engaging with sectors that may be affected by government policies or societal issues.",,2,1,1,,,,2,1,2,,,